scenario,predicted_demand,predicted_revenue,predicted_margin,high_inventory_risk_count
-10% price change,54193.44,16269335.052969605,2136270.9777696007,3
-5% price change,51290.22,16253194.8396234,2877259.1970233996,0
0% price change,48387.0,16140213.3462,3521406.1362,0
10% price change,42580.56,15623726.519121602,4519176.174321601,0
5% price change,45483.78,15930390.5726994,4068711.7952994006,0
